{
  "type" : "Menu",
  "level" : 1,
  "name" : "Playing_Level",
  "data" : {
  "background" : "playing.bmp",
  "buttons" : [
      {
        "text" : "Back",
        "ID" : 19,
        "positions" : [375,-450,0],
        "sizes" : [250,100,1]
      },
      {
        "text" : "Type 1",
        "ID" : 20,
        "positions" : [315,287,0],
        "sizes" : [125,145,1]
      },
      {
        "text" : "Type 2",
        "ID" : 21,
        "positions" : [440,287,0],
        "sizes" : [125,145,1]
      },
      {
        "text" : "Type 3",
        "ID" : 22,
        "positions" : [315,142,0],
        "sizes" : [125,146,1]
      },
      {
        "text" : "Type 4",
        "ID" : 23,
        "positions" : [440,142,0],
        "sizes" : [125,146,1],
        "enable" : false
      }
    ]
  }
}