{
  "type" : "Menu",
  "level" : 1,
  "name" : "Player_selection",
  "data" : {
  "background" : "player_selection.bmp",
  "buttons" : [
      {
        "text" : "Player 1",
        "ID" : 6,
        "positions" : [-300,-50,0],
        "sizes" : [250,700,1]
      },
      {
        "text" : "Player 2",
        "ID" : 7,
        "positions" : [0,-50,0],
        "sizes" : [250,700,1]
      },
      {
        "text" : "Player 3",
        "ID" : 8,
        "positions" : [300,-50,0],
        "sizes" : [250,700,1]
      },
      {
        "text" : "Back",
        "ID" : 0,
        "positions" : [-375,-475,0],
        "sizes" : [250,50,1]
      }
    ]
  }
}