{"levels":[{"completed":false,"locked":false,"score":0},{"completed":false,"locked":true,"score":0},{"completed":false,"locked":true,"score":0},{"completed":false,"locked":true,"score":0},{"completed":false,"locked":true,"score":0},{"completed":false,"locked":true,"score":0},{"completed":false,"locked":true,"score":0},{"completed":false,"locked":true,"score":0},{"completed":false,"locked":true,"score":0},{"completed":false,"locked":true,"score":0}],"name":"No name","newPlayer":true,"type":"Player"}