{
  "type": "Menu",
  "level": 0,
  "data": {
    "background": "backgrounds/menuInit.bmp",
    "buttons": [
      {
        "text": "Play",
        "ID": 0,
        "positions": [
          0,
          0,
          0
        ],
        "sizes": [
          250,
          100,
          1
        ]
      },
      {
        "text": "Options",
        "ID": 1,
        "positions": [
          0,
          -150,
          0
        ],
        "sizes": [
          250,
          100,
          1
        ]
      },
      {
        "text": "Credits",
        "ID": 2,
        "positions": [
          0,
          -300,
          0
        ],
        "sizes": [
          250,
          100,
          1
        ]
      }
    ]
  }
}